<?xml version="1.0" encoding="utf-8"?>
<resources xmlns:tools="http://schemas.android.com/tools">
  <!-- Dark theme for Android 12+ with programmatic Dynamic Color support -->
  <style name="Theme.GOGDownloader" parent="Theme.Material3.DayNight.NoActionBar">
    <!-- Base Material You dark theme - Dynamic Color applied programmatically -->
    
    <!-- Base colors - will be replaced by Dynamic Color when available -->
    <item name="colorPrimary">@color/material_primary_dark</item>
    <item name="colorPrimaryVariant">@color/material_primary</item>
    <item name="colorOnPrimary">@android:color/black</item>
    
    <item name="colorSecondary">@color/material_secondary_dark</item>
    <item name="colorSecondaryVariant">@color/material_secondary</item>
    <item name="colorOnSecondary">@android:color/black</item>
    
    <item name="android:colorBackground">@color/material_background_dark</item>
    <item name="colorSurface">@color/material_surface_dark</item>
    <item name="colorOnSurface">@android:color/white</item>
    
    <!-- Status bar and navigation bar styling for dark theme -->
    <item name="android:statusBarColor">@android:color/transparent</item>
    <item name="android:navigationBarColor">@android:color/transparent</item>
    <item name="android:windowLightStatusBar">false</item>
    <item name="android:windowLightNavigationBar">false</item>
    
    <!-- Enable edge-to-edge experience -->
    <item name="android:windowDrawsSystemBarBackgrounds">true</item>
    <item name="android:enforceStatusBarContrast">false</item>
    <item name="android:enforceNavigationBarContrast">false</item>
    
    <!-- Enhanced Android 12+ features for dark mode -->
    <item name="android:windowSplashScreenBackground">?attr/colorSurface</item>
    <item name="android:windowSplashScreenAnimatedIcon">@mipmap/ic_launcher</item>

    <!-- Material You Dialogs -->
    <item name="materialAlertDialogTheme">@style/ThemeOverlay.Material3.MaterialAlertDialog</item>
    <item name="alertDialogTheme">@style/ThemeOverlay.Material3.MaterialAlertDialog</item>
  </style>
</resources>