<?xml version="1.0" encoding="utf-8"?>
<resources>
    <string name="app_name">GOG Downloader</string>
    
    <!-- Login Activity -->
    <string name="login_title">Entrar no GOG.com</string>
    <string name="email_hint">Email</string>
    <string name="password_hint">Senha</string>
    <string name="login_button">Entrar</string>
    <string name="login_error">Erro de login. Verifique suas credenciais.</string>
    <string name="login_success">Login realizado com sucesso!</string>
    <string name="logging_in">Fazendo login...</string>
    
    <!-- Library Activity -->
    <string name="library_title">Minha Biblioteca</string>
    <string name="loading_library">Carregando biblioteca...</string>
    <string name="no_games">Nenhum jogo encontrado na biblioteca</string>
    <string name="refresh">Atualizar</string>
    <string name="search_games_hint">Buscar jogos...</string>
    <string name="settings">Configurações</string>
    <string name="logout">Sair</string>
    <string name="download">Download</string>
    <string name="downloading">Baixando...</string>
    <string name="downloaded">Baixado</string>
    <string name="pause">Pausar</string>
    <string name="resume">Retomar</string>
    <string name="paused">Pausado</string>
    
    <!-- Settings Activity -->
    <string name="settings_title">Configurações</string>
    <string name="download_folder">Pasta de Download</string>
    <string name="choose_folder">Escolher Pasta</string>
    <string name="default_folder">Pasta padrão: Downloads/GOG</string>
    <string name="folder_selected">Pasta selecionada:</string>
    <string name="save_settings">Salvar</string>
    <string name="settings_saved">Configurações salvas!</string>
    
    <!-- Download Service -->
    <string name="download_channel_name">Downloads GOG</string>
    <string name="download_channel_description">Notificações de download de jogos do GOG</string>
    <string name="downloading_game">Baixando %1$s</string>
    <string name="download_progress">%1$d%% - %2$s</string>
    <string name="download_complete">Download completo: %1$s</string>
    <string name="download_failed">Falha no download: %1$s</string>
    <string name="download_cancelled">Download cancelado: %1$s</string>
    <string name="download_speed">%1$s</string>
    <string name="download_eta">%1$s restante</string>
    <string name="download_batch_progress">Baixando arquivo %1$d de %2$d</string>
    <string name="download_batch_complete">Batch de downloads completo: %1$s</string>
    <string name="download_batch_failed">Falha no batch de downloads: %1$s</string>
    
    <!-- Download Selection Dialog -->
    <string name="select_files_title">Selecionar Arquivos para Download</string>
    <string name="select_files_subtitle">Escolha os arquivos que deseja baixar para %1$s</string>
    <string name="select_all">Selecionar Todos</string>
    <string name="select_none">Desmarcar Todos</string>
    <string name="files_selected">%1$d arquivo(s) selecionado(s)</string>
    <string name="total_size_selected">Tamanho total: %1$s</string>
    <string name="download_selected">Baixar Selecionados</string>
    <string name="no_files_selected">Nenhum arquivo selecionado</string>
    <string name="loading_download_links">Carregando links de download...</string>
    <string name="error_loading_links">Erro ao carregar links de download</string>
    
    <!-- File Types -->
    <string name="file_type_installer">Instalador</string>
    <string name="file_type_patch">Atualização</string>
    <string name="file_type_extra">Extra</string>
    <string name="file_type_unknown">Desconhecido</string>
    
    <!-- Platforms -->
    <string name="platform_windows">Windows</string>
    <string name="platform_mac">Mac</string>
    <string name="platform_linux">Linux</string>
    <string name="platform_unknown">Desconhecido</string>
    
    <!-- Languages -->
    <string name="language_en">Inglês</string>
    <string name="language_pt">Português</string>
    <string name="language_es">Espanhol</string>
    <string name="language_fr">Francês</string>
    <string name="language_de">Alemão</string>
    <string name="language_it">Italiano</string>
    <string name="language_ru">Russo</string>
    <string name="language_unknown">Desconhecido</string>
    
    <!-- General -->
    <string name="error">Erro</string>
    <string name="ok">OK</string>
    <string name="cancel">Cancelar</string>
    <string name="retry">Tentar novamente</string>
    <string name="network_error">Erro de conexão. Verifique sua internet.</string>
    <string name="permission_storage">Permissão de armazenamento (opcional - usará SAF se negada)</string>
    <string name="permission_notification">Permissão de notificação necessária para progresso de download</string>
</resources>